id,timeStamp,location,followers,friends,ntweets
37873,284,704,25676,764,18054
37880,374,241,16955,359,2466
37692,553,782,5447,1388,2723
37858,582,618,23903,846,20341
37897,456,511,20563,1727,49191
37973,506,782,31647121,131,1791
38072,432,69,394437,30541,12492
39668,447,0,53751,32347,10911
37944,591,617,12750689,981,145623
37856,490,782,3759558,870,78037
37946,437,0,4262087,2771,112403
37749,13,776,1863,34,13
37745,257,776,873,124,97
37691,594,782,32839,436,30281
39111,10,564,512,1185,2901
37698,1,0,488,328,284
37838,289,821,252544,591,3790
37982,264,0,99733,9200,23031
37975,576,780,179756,6282,19254
37861,500,0,3057,384,2718
37971,286,614,1128802,2590,90231
37855,11,776,6056,131,245
37701,458,776,1671,639,3120
37773,387,778,711,418,8907
39242,415,782,885,359,14098
37987,286,487,120421,3239,59486
39151,374,734,740,1268,1508
39299,269,387,22160,14941,13088
38017,317,474,475367,401,39552
37697,296,485,17591,1356,2185
37793,520,0,1488542,249,33164
37968,377,0,4342262,3848,6009
39636,483,692,575,1563,1329
37958,308,0,426816,671,38848
38860,267,150,426,2000,15440
37744,260,673,841,756,627
38094,576,985,354447,24785,30628
37945,344,492,120179,11574,26515
37781,317,1101,3186,347,178
39150,486,255,9555,8415,28900
39350,256,414,494,419,587
37956,347,449,86060,2499,9284
37807,502,985,230886,469,5365
37835,380,646,157369,2981,38871
38528,528,841,4584,156,18846
39144,477,111,709,1858,2241
38458,541,0,940,1467,8876
37719,506,1097,949,933,449
37976,545,16,553947,64871,64186
37733,513,0,460,832,333
39093,563,892,179,295,3614
37972,358,614,418986,36955,181811
37736,453,782,649,121,607
37750,384,110,270,278,415
38051,342,5,162441,432,24999
37774,1,0,358,42,137
37756,550,96,4504,335,515
39667,20,538,213,1951,223
37732,594,673,1347,365,347
38075,492,256,604412,164,13049
37952,469,1032,749023,361,30234
37779,330,782,78314,344,296
37875,482,90,3086,69,901
39843,391,749,235,680,171
37683,359,749,179115,725,23472
38917,471,549,374,655,2725
37782,16,782,738,83,182
37783,394,776,1790,861,1229
39049,398,985,19483,18013,3293
37776,451,1066,2322,342,3718
37769,332,782,900,634,1320
37979,552,0,593335,907,20024
38156,274,1084,1476,1707,5190
38851,384,88,2703,2840,25079
38590,336,1086,529,693,1819
37743,512,0,471,115,140
38733,1,150,25,42,600
37795,371,267,1926645,57213,57829
37726,18,749,147,104,15
39515,355,0,12,66,8
22677,450,281,10361,4681,693
37747,335,0,342,29,691
38040,311,492,18910,1491,2513
37953,325,985,48887,2624,3121
37984,525,783,554914,1077,660
38978,419,89,290,692,10369
38524,430,784,876,949,5380
38152,481,575,533,194,5650
38383,17,694,21003,24688,1169
39496,393,194,11110,452,6138
38594,527,216,247,732,4841
38060,576,69,3803751,541638,136453
37708,461,776,2481,162,6156
39445,586,449,913,830,33589
38977,506,509,13833,15481,14296
37727,462,782,341,270,3211
38633,557,228,1077,1789,1406
38530,320,776,596,728,2105
37761,538,783,244,107,1357
37989,600,358,659388,635,9765
38055,496,492,102410,30532,7067
38202,15,0,18,55,26
38353,495,488,25,169,236
37967,489,618,3067776,299,3408
39221,572,301,494,1706,2898
38877,19,71,132,492,404
39584,274,942,7699,2739,5212
37988,393,454,2345726,624,22867
37960,355,360,8207506,4573,13215
39220,468,122,1189,433,6702
37738,282,776,1314,416,574
37706,394,778,50466,407,1234
38201,20,0,52,157,625
38928,553,355,16907,2550,1921
39512,288,492,282,580,4810
37840,271,614,4800,838,9912
37963,279,492,12772671,559,9311
38036,573,910,93076,18,539
37961,424,0,2346684,769,4887
37962,393,492,2745065,892,63254
38796,267,102,210,474,15237
38200,530,0,1058,415,1176
38844,10,772,18,56,60
39610,520,449,232,242,537
38630,14,746,189,321,1525
39655,294,487,272,418,1503
37767,582,618,769,1277,760
37947,579,492,982354,10681,82835
37777,574,782,1001,291,1182
37980,475,925,44899,288,2545
38112,464,663,261,238,12289
38806,482,226,182,397,1214
38041,535,487,12313,582,13961
38843,284,1093,4472,4910,18012
38868,288,487,841,752,48816
39174,296,31,381,582,2844
39042,518,0,118,190,3542
39187,528,944,331,757,413
39356,10,596,247,308,1144
38155,16,543,432,1580,656
38602,403,297,227,582,2747
39666,344,498,160,271,1215
39572,300,781,703,868,6613
37949,322,492,555360,235905,72570
38199,14,726,123,863,411
39704,465,791,545,867,25381
38583,255,614,324,1845,3299
4703,592,229,130,94,6721
39250,419,174,276,288,2969
37991,498,487,143851,1595,31987
38618,9,570,65,71,24
37720,16,0,416,81,69
38042,488,505,10504,1490,16902
39744,546,728,16060,16672,66030
37792,289,908,3043515,1489,2697
37709,256,782,984,682,4640
39040,588,487,683,953,22827
38654,563,512,172,480,4367
39355,363,275,344,703,2508
37985,391,0,1396519,2704,25134
38268,505,187,358,522,1347
38976,402,517,218,456,2435
39406,337,721,220,112,10841
39460,514,524,29871,31133,7806
37737,360,89,527,323,15391
38223,4,0,33,76,153
39173,434,1074,533,1695,706
38039,255,487,31265,666,18683
39825,337,829,79,885,3101
37841,303,808,4634300,70,5903
38346,296,320,27510,5829,12758
38265,5,515,1595,1959,469
37966,415,42,4290564,716,14530
38382,9,496,36,117,64
38423,395,487,1185,1938,4539
37859,592,953,10753,1709,8990
39609,534,826,261,413,9165
38048,456,460,1206268,366,10272
38296,9,764,91,291,1877
39039,320,219,157,156,1999
39511,516,229,6728,3878,4828
37964,378,782,1690402,474,47747
38582,10,802,122,245,71
37895,591,0,137394,1463,73784
38196,494,809,2603,1649,2854
38027,473,305,127042,501,7077
37778,314,442,632,242,2184
39038,362,487,1050,158,1620
39536,377,311,3633,3674,4088
37974,567,318,154986,325,10302
38195,265,782,514,954,8591
37702,400,0,10040,346,1510
39103,4,775,14,23,2
39331,426,810,2355,1398,9429
37908,323,468,17011,223,2131
37907,386,220,127260,595,5851
39615,399,620,644,1142,1446
38193,276,110,2654,2921,1427
37710,517,776,412,287,795
38191,323,892,673,242,665
38082,344,1130,336074,628,13851
38024,522,492,376575,1000,42382
38764,500,492,343,833,7460
38010,482,876,44949,433,25166
37813,468,49,3005929,400707,34279
38927,337,116,247,332,2414
39097,8,0,722,1547,116
38264,597,487,157,574,3435
38190,5,953,7917,7434,2270
38012,442,474,76133,470,10637
37718,459,479,29402,2095,2116
38470,399,936,335,346,2433
37896,303,0,100022,1418,20107
38045,596,0,627476,379,21231
38158,569,435,84,158,4501
38069,500,492,1058,2000,6207
37765,9,782,132,16,19
37681,459,776,1257,496,2794
39824,13,150,2256,734,7529
39446,369,492,1680,1037,3981
38563,2,445,74,169,335
38628,419,614,651,940,4461
39510,311,280,276,564,841
38381,15,250,80,754,2020
39275,466,632,55,113,377
39444,19,487,408,693,253
38174,270,892,6494,512,7201
39559,509,153,716,1050,16072
38263,11,1044,1375,1992,35
38111,549,0,22,125,74
38189,529,745,841,278,21063
39110,504,748,1863,1946,12016
38295,514,967,349,0,2492
39007,411,0,72,328,279
37891,437,735,222,489,406
38015,550,249,24528,570,14951
39471,540,595,982,2000,4023
38857,20,122,5,22,21
38073,595,855,1074782,87,4373
39614,584,782,39,89,5
39219,540,458,629,322,809
38508,578,932,2336,1486,8300
39211,261,617,576,988,7043
38795,529,344,239,220,6510
39032,6,0,67,199,40
38023,502,135,408230,3061,13621
39273,0,95,1288,1876,1081
38110,10,932,97,148,93
38856,456,487,169,163,149
37930,496,487,249,592,1144
39272,8,0,8,40,553
38154,10,817,84,290,261
39248,282,492,198,175,1184
39218,568,69,194,488,1093
37925,305,487,3671,304,4014
38187,264,980,308,536,11394
38461,363,523,222,504,1844
38080,479,0,1679978,722,8152
38380,518,474,313,32,904
38456,447,0,11545,544,13600
38650,350,0,112667,221,6890
38185,538,822,250,1997,365
38397,451,597,276,334,2076
38076,293,0,560992,1482,12302
39217,321,1007,80,221,1210
39822,573,1043,112,185,314
38850,517,597,5732,6374,4025
37746,258,782,315,42,42
37689,583,207,1225,347,2129
38842,340,655,517,432,4721
38262,482,0,30,95,93
39718,599,679,673,503,6331
39509,380,383,122,249,1488
39089,328,658,112,232,241
38307,480,498,421,428,23122
38923,502,898,432,575,3824
39403,560,283,5125,915,867
38244,415,457,3059,2964,3375
38109,380,493,166,571,4204
38184,256,894,712,851,4776
39561,525,0,223,331,2649
39821,459,936,463,356,445
37742,341,673,496,154,650
38980,329,905,145,518,1964
37959,426,619,54347,18686,9799
38108,569,176,39,254,205
38793,585,882,58693,296,20860
39061,5,872,568,1940,3858
39088,3,648,68,155,374
39037,297,487,107,276,2917
38858,7,500,111,200,11861
38921,427,879,112,177,9534
38379,439,211,634,632,3212
37764,475,782,679,418,1616
38013,303,1081,288385,780,18376
38151,265,699,1256,906,9110
37965,308,318,131853,59427,22944
39478,305,488,412,344,3681
39717,8,0,26,28,32
39202,530,163,434,1113,35
39443,432,597,482,886,7641
39307,295,0,192,498,871
38031,443,236,554766,2836,32338
39387,15,486,129,391,567
38085,555,878,369946,5134,15154
39195,376,0,42,126,791
39365,288,561,126,720,173
39508,354,235,46652,260,21727
39719,19,1066,182,172,257
38679,532,617,193,166,2470
39476,541,1045,4720,3156,30868
39507,17,239,257,459,667
37717,533,69,700,581,19321
37876,3,847,194,130,85
37860,495,597,9009,835,23818
37948,422,487,27961,192,3184
39031,484,19,9738,620,2399
39084,591,492,733,1991,948
39721,379,111,1035,1304,5458
39194,443,335,9024,9635,5790
37954,562,393,167028,500,17090
37748,278,777,1650,280,1803
38909,560,832,283420,237,1828
38107,425,71,7648,6439,18746
39162,591,785,339,443,12198
38580,18,0,9,20,8
38378,257,323,227,473,805
39314,269,850,386,476,4803
39354,446,0,239,356,513
39506,4,1132,153,291,167
38825,390,721,1278,1164,56010
39215,596,142,1922,1377,8133
39427,307,798,20740,19956,9582
38474,303,0,275,583,18709
4558,391,1055,88246,2496,12683
39520,593,398,86,291,2688
38341,449,0,331,307,9909
38260,344,0,75,123,478
27787,406,970,303,822,2054
38000,502,447,1364018,249,28989
39613,257,444,17994,18555,13699
37705,576,1097,613,338,95
39729,350,449,102,318,653
39353,393,0,1033064,187,15580
39631,482,205,53,87,889
39542,16,704,138,309,753
39186,511,589,50,98,148
38483,299,618,1371,99,322
39820,369,813,15121,1263,9559
39786,358,672,1123,253,2885
38181,340,487,1930,440,2562
38971,402,414,398,164,1205
39827,592,498,63675,22207,17373
39313,283,1014,397,344,6502
38585,346,0,304,286,3282
38105,440,814,400,274,2321
38083,342,0,664951,396,7654
37771,312,541,180021,587,2885
38627,378,0,170,124,6668
38354,541,0,224,869,5856
38368,413,900,238,591,10096
39036,554,487,67,225,412
38859,330,448,697,1103,4639
38056,491,487,90056,186,3526
38548,18,864,745,1983,7428
39505,481,647,68,55,1038
39588,282,0,6812,3737,5060
38783,509,492,308,602,1322
38906,8,487,177,311,1344
39108,272,655,219,145,14818
37928,359,384,93546,1630,8436
38482,259,430,1652,928,1353
39364,600,0,84,173,2310
37919,524,492,236,320,4911
37933,509,0,43035,269,7937
7619,517,487,1151,308,7431
38376,447,633,641,753,7064
39193,0,487,455,412,4420
37999,325,492,442,162,144
37970,292,1006,9835207,119,9769
38375,9,415,372,882,887
2057,275,0,46,241,125
39665,13,0,23,230,44
39213,2,0,35,45,7
38179,0,325,115,171,48
39611,489,0,1133,2084,5085
39714,20,26,152,223,11051
38995,556,23,125,460,1024
39030,14,772,44,38,73
38356,540,616,802,1890,3553
38114,597,669,286,638,1174
38008,569,487,172448,168,9680
38066,350,487,329863,475,14365
38374,391,788,101,414,146
39539,374,813,1307,1010,32612
39312,330,227,574,2001,1208
38968,548,302,38526,38580,9703
39107,417,1070,496,1973,7505
39459,335,186,232,227,1626
38626,415,480,174,156,710
38605,2,0,62,232,30
38657,546,554,7774,837,2765
38178,252,487,454,245,3123
39377,305,150,638,505,6627
38804,429,872,267,261,7623
39207,0,1080,144,1208,137
37711,0,784,461,265,1114
39503,548,487,147,1295,33
39311,433,510,246,239,845
39352,523,0,80,287,271
39540,394,1048,159,261,2061
39495,6,69,235,305,6416
38177,590,414,810,912,12883
2923,392,858,50,116,59
39412,453,386,387,398,266
39363,346,487,394,125,1686
39401,420,789,396,584,5310
39362,4,722,293,495,289
39267,7,649,74,109,1337
37990,569,492,28432,5660,4837
37886,589,358,196794,29191,21096
37918,489,607,173379,159,10639
39492,6,0,118,277,1687
39033,441,629,353,534,3351
38903,538,655,2560,256,4580
37768,326,753,212,123,6617
39442,570,6,1084,1386,4302
38592,387,536,368,476,4943
39310,519,233,109,180,4034
39467,365,0,62,820,19
39028,446,492,242,641,2608
39502,378,604,604,826,3788
37921,404,0,172749,41,6887
37978,338,492,2186103,8,105
38902,10,710,21,41,25
39351,286,1011,2499,196,16749
38847,316,849,8074,403,1937
38173,432,715,311,284,859
37911,470,913,49279,495,10052
38724,550,44,2281,2184,2239
39562,462,402,88,200,212
38579,497,487,746,1551,265
38525,259,0,340,293,5831
39027,595,346,71,93,2931
38172,346,910,24005,202,11203
38979,521,487,113,215,733
39663,550,0,21,47,132
39784,19,396,74,78,708
39294,273,459,408,1760,2126
38081,472,899,1299949,611,31999
38970,19,0,69,157,1239
38568,312,0,215,366,5787
39212,392,774,581,718,7195
39635,489,316,600,1841,1854
39057,17,1087,19,81,30
38171,487,614,12112,166,7619
39628,369,0,214,83,7018
38395,551,689,802,1871,3152
37995,303,756,508690,468,4512
39606,10,1024,63,320,753
39602,477,0,119,513,1378
38169,17,72,192,1013,186
39396,449,772,1209,1999,1206
37977,437,599,3131624,263,10161
39185,2,1113,110,918,2651
39309,11,1018,187,131,1254
39426,401,170,90,105,215
39605,6,902,10,16,266
39233,250,487,261,232,35049
38677,444,1022,736,668,13643
38523,10,961,50,129,1653
38578,327,318,9999,4442,61
38900,413,552,648,481,14481
39026,502,813,1211,1554,12478
39206,18,151,193,299,6780
39201,475,0,405,592,5099
38560,5,806,319,1197,1288
38103,382,551,2900,620,3381
39468,392,371,2970,2414,76555
39783,421,0,67,51,123
38168,319,872,617,599,46024
38899,336,150,94,153,1898
39725,408,694,140,171,9408
39441,567,804,316,512,6447
37751,6,0,85,39,99
38947,14,317,129,133,2
38846,13,492,61,123,207
38148,518,0,43339,399,8162
38167,313,866,445,386,20490
38839,13,819,109,285,311
37865,325,0,198,411,398
38557,261,484,198,157,3866
38488,583,935,134,229,5463
7290,371,199,338,1452,750
39169,8,627,1939,364,1842
38059,285,0,637938,446,157329
38447,578,901,148,482,1286
39308,489,1060,99,153,419
39100,546,492,1012,2000,6565
39662,7,776,207,295,419
39684,343,206,792,1160,4594
39767,279,872,94,139,2638
38854,487,772,38,135,157
39349,329,634,278,108,48
38838,3,759,110,116,3908
37932,456,410,98589,808,14153
39210,431,0,239,211,16697
39556,362,487,257,585,866
39523,440,959,4324,3565,50225
38166,16,464,226,916,96
38732,357,778,442,685,4565
39106,15,680,18,27,51
38165,458,550,408,584,20631
38446,453,0,728,546,28213
38573,2,870,53,127,17
39533,306,639,21792,22248,32952
39660,554,157,82,577,633
38334,271,685,5813,553,1364
38164,402,948,497,237,19403
39265,9,931,9721,11186,2242
39813,4,497,99,159,584
39713,433,184,66,132,1026
38625,12,508,79,243,1026
39348,4,909,55,46,764
37754,413,0,72894,545,4187
38520,262,487,745,187,9282
39361,367,487,355,817,724
37806,600,918,3017642,25119,13558
39347,433,1050,145,611,390
39168,5,0,102,1037,1
38577,472,938,116,139,2457
4107,284,0,123,492,4106
38698,336,845,4041,1965,8983
38973,511,936,227,173,112
39226,10,216,43,134,355
38535,311,487,136,202,710
38604,502,554,833,1716,3187
39499,346,444,19841,2133,1893
39498,482,474,111,232,376
38898,303,891,715689,1032,14815
38163,491,556,469,1386,5939
38363,362,492,1435,1296,8564
38125,528,444,553,1207,4452
38649,344,793,310,1164,5924
39341,302,264,293,214,57306
38210,19,494,98,127,2074
39661,6,0,26,77,122
38373,18,300,389,1949,231
38294,594,907,67,449,233
39683,3,890,27,63,723
39205,18,0,16,88,9
38896,456,123,490,224,1354
39315,371,645,201,371,12111
39493,4,614,4829,5179,183
38519,6,408,14,84,789
39794,8,873,24,49,72
38102,342,816,406,373,268
38595,343,725,17,54,62
38239,289,675,575,1458,1924
39650,396,777,9566,464,25756
38749,526,933,844,875,4583
39189,357,487,294,397,4175
39346,408,369,273,598,7315
39264,5,492,47,119,428
39490,561,148,10245,480,7114
39306,353,0,162,222,6422
38731,4,576,56,94,97
39823,3,941,326,134,6818
38434,365,313,119,739,348
38809,327,374,1482,537,26196
14673,523,885,67,329,154
38162,551,835,53,31,330
39489,576,0,12644,1750,3835
39070,370,841,84,550,230
38372,323,0,376,245,8569
38742,588,558,246,328,9588
38895,473,644,738,556,3077
38836,502,889,545,1997,5718
37936,489,1052,273947,429,9318
38496,328,0,387,479,4046
38678,15,167,64,178,2068
38161,527,131,8077,8720,10147
39178,411,487,940,1787,3009
38113,398,778,39,90,380
38367,591,0,8064,5906,3697
38371,14,143,106,201,163
38305,297,29,752,1934,5308
39488,545,446,3659,4017,27535
39023,17,566,26,38,514
38333,3,218,59,145,75
39440,10,21,1864,335,1922
39766,10,213,362,73,177
38893,281,776,316,359,1682
37772,18,963,423,156,30
39531,272,480,443,1792,1813
39200,12,229,91,733,372
39659,0,492,338,433,449
39021,263,35,349,256,20669
39019,378,1061,108,371,740
39305,18,737,245,772,8740
38067,413,0,63804,264,8674
38421,1,172,13111,14828,4341
38370,252,813,229,430,941
39191,3,0,114,305,3720
38642,406,794,93,455,360
38445,4,755,225,935,268
39018,581,78,3345,813,5124
39180,404,751,289,729,2279
38147,385,0,148,328,2381
37913,474,353,84433,323,18073
38146,415,1120,2905,117,4535
37725,18,1097,152,43,96
37790,460,181,276867,922,21796
39657,409,487,1409,358,12998
38198,13,1039,174,203,7452
39105,326,488,9039,7831,19911
37937,259,0,364861,352,8064
38624,5,0,10,18,20
39198,296,0,23,90,29
39487,346,361,111,213,1941
39656,5,0,13,50,8
38078,387,985,3011316,1208,24513
39197,490,414,115,866,1382
39163,302,0,388,260,8116
39258,19,717,259,170,5063
38855,444,85,237,688,314
39016,10,394,184,256,3752
38145,554,483,164,529,244
38144,7,551,297,117,550
38833,12,1128,121,176,4702
38891,435,66,242,1276,3832
39047,282,1035,374,320,6671
38890,348,950,1841,1834,1127
38366,495,225,37211,468,4625
38728,359,923,280,238,24494
38143,259,1049,159,385,515
39629,270,487,1195,1438,10186
38889,280,772,76,536,137
38142,545,0,315,284,2527
4526,444,0,2940,3235,6690
39104,7,444,96,376,15
38518,2,938,135,430,54
39439,421,501,367,519,3093
37715,470,782,512,91,547
38787,6,443,55,810,149
38887,1,487,22,30,122
38675,433,762,202,485,376
39015,9,770,14,35,9
38364,9,0,137,287,343
39832,0,444,108,139,3316
37851,271,476,6618,685,34
39013,329,498,575,352,43830
39344,478,602,16389,14932,13097
39465,328,549,187,224,3739
39304,357,1069,315,457,534
39438,553,530,291,275,9658
39303,286,907,28,84,2
39571,379,449,721,1416,6915
37850,340,674,26738,35,736
39472,253,152,348,239,12101
39712,446,358,220,691,556
39486,13,0,935,834,2108
38140,449,0,625,1999,54351
37731,441,1098,756,185,1916
38824,20,563,148,413,912
39792,527,0,492,356,41046
38505,410,73,260,717,963
38575,6,0,153,1223,57
39654,469,0,190,171,1581
39841,563,608,855,264,22350
39230,8,82,158,638,1112
4170,489,0,117,194,6078
37877,334,618,2212,723,6513
39830,385,292,469,1958,24430
38310,0,915,47732,1959,8213
38139,430,595,1440,842,86314
39051,502,0,80,324,6305
37854,292,13,838278,36,993
39653,374,614,44,103,391
39167,8,774,253,113,44
38632,470,774,724,235,4526
39011,562,428,568,406,8047
39711,5,0,67,71,50
37833,355,413,310,193,269
39188,414,499,182,173,16241
38232,354,1054,209,184,3594
37714,469,776,494,4,198
39069,428,870,666,1119,762
38420,472,929,1420,483,20139
39010,365,76,7396,503,1748
39302,447,232,406,275,13698
37712,530,150,216,131,40
38758,266,936,190,201,6261
37981,261,0,619191,186,6611
39449,533,784,692,190,8721
38574,14,542,612,1890,32
39485,557,0,51373,35919,22802
38064,290,607,449774,240,9201
38258,393,543,385,391,2364
39301,260,0,230,266,10335
39184,596,306,280,1029,272
38674,461,537,542,1995,1015
7448,536,0,13292,304,9753
38619,397,158,1328,604,2282
39690,13,388,325,356,448
39849,326,391,233,341,11278
39120,13,0,626,1563,979
38062,397,487,332210,264,17346
39008,523,738,528,1996,3606
38727,16,0,49,141,77
39682,1,813,21,35,23
39408,1,914,73703,78187,1535
38070,370,782,28464,381,1987
38967,17,725,70,451,741
39709,416,874,672,832,6247
39086,510,859,1099,245,418
39482,5,0,30,74,79
37916,512,327,20144,341,17909
37707,17,776,312,84,55
37904,254,487,351888,237,9989
39149,592,0,65,389,771
39555,344,776,2908,401,1739
38138,453,0,249,3,1257
38744,490,979,754,252,12974
38137,556,0,1485,1030,4790
38331,2,367,54,318,44
39481,19,323,31,74,9
38673,483,903,437,393,14979
38786,19,487,15,44,222
38312,574,774,360,383,8354
38737,521,774,117,418,748
39848,474,0,104,170,118
38883,468,92,209,333,1147
6058,288,467,212,192,1497
39252,587,0,157,315,7027
39846,526,1059,334,330,15752
38221,563,630,114,176,8974
39360,447,0,28,161,139
39844,438,877,72,718,410
39826,516,758,364,363,35006
39819,494,750,18,72,1776
39474,286,614,96,353,1935
39479,560,0,216,689,10351
39818,20,452,172,147,1849
39081,287,172,531,641,4491
39816,449,0,59,455,102
38880,515,492,2225,235,35464
39407,14,0,12,110,5
38879,403,482,405,622,81861
38570,3,0,229,152,3069
39815,16,129,370,33,1026
37759,11,0,151,29,4
39812,283,480,5298,921,7418
38869,555,1013,175,200,9754
38750,2,1100,80,167,154
39411,264,451,684,1993,1909
37843,354,0,633,324,43
37695,478,847,133,98,140
38135,7,184,26,52,24
39437,1,565,119,162,608
38176,272,707,200,663,3774
37723,541,69,270,135,417
38481,585,145,480,257,15585
39410,407,518,136,133,631
38662,430,815,171,189,13858
39722,513,492,186,154,5019
37775,519,776,28228,8,12455
38672,588,247,95,495,1022
38134,4,0,23,163,218
38286,302,1131,170,1043,988
38832,531,342,741,1851,17253
39808,592,1078,60,154,216
39807,20,652,57,115,1339
38876,590,906,584,1224,1842
38257,11,444,404,513,161
38569,404,487,384,1050,197
38874,6,1119,479,1731,6504
39806,15,854,6194,4401,1961
39004,2,827,44,95,823
38362,352,1047,49,301,112
39457,424,1042,435,423,16879
38133,577,715,41,151,1393
38132,11,340,100,231,2382
39805,558,35,26,191,21
39804,349,557,233,255,3693
38131,13,88,597,1186,529
38068,579,0,172322,550,12332
38130,1,0,14,110,18
39802,412,444,1006,1143,65
39801,471,162,198,1321,2645
39800,570,778,821,752,10215
39300,6,643,35,101,178
38129,314,0,2272,554,23487
38361,362,1001,357,353,4990
39799,12,662,104,206,4234
38966,11,0,70,44,455
38589,445,474,740,1881,637
39798,19,40,26,140,149
39797,2,1126,24,35,573
39552,493,150,72,85,1228
39298,386,259,261,432,15302
38128,432,246,1078,788,47798
39054,472,1118,108,272,5958
39554,440,578,404,415,19122
39470,319,1073,129,242,1131
38360,317,366,53148,47544,908
39603,314,77,270,392,920
39435,510,1066,270,555,6918
1212,584,0,114,282,1171
39326,0,628,11,22,12
38359,546,270,28848,16448,36878
37729,300,776,1432,369,5316
37739,486,779,1012,954,1518
5754,543,108,909,247,7299
38873,7,872,237,137,144
38126,10,351,153,274,78
39765,1,260,124,152,3323
39796,10,665,29,41,703
39434,382,0,310,1024,2917
39793,1,429,3250,1461,822
39789,334,2,35987,1822,10065
39788,0,701,138,338,276
39780,1,425,35,159,328
39707,389,437,570,1213,1632
39277,519,150,335,150,7874
37679,250,782,141,369,1798
37687,268,0,2677,885,1977
39779,371,0,586,830,12209
39778,526,1040,44973,330,5117
39751,281,880,82,94,15397
39777,489,487,172,344,2383
38567,382,401,8059,970,22526
38671,574,593,375,1346,3704
38872,0,83,98,171,914
39003,12,888,160,290,7717
38831,19,466,734,953,15345
38054,350,403,7260,559,3016
39775,471,1115,825,1454,15143
39773,384,474,1298,1208,1373
37900,483,426,34759,907,10325
39770,500,1066,583,976,334
39388,486,150,362,309,18014
39764,20,57,365,1010,278
38343,593,487,243,297,2210
4406,336,928,44800,32124,65126
38829,561,757,98,155,2083
39768,7,719,25,92,15
38344,12,797,127,100,236
39763,266,326,296,693,9930
39692,439,450,673,240,20701
38871,6,473,493,295,18135
38566,6,0,5,21,4
38079,552,0,502957,2230,13660
39001,475,0,153,246,2725
38418,278,574,1923,2171,1780
39433,568,872,54,313,159
39432,553,487,254,362,8476
38358,540,51,105,131,99
38707,506,765,380,683,1917
37890,562,646,12399,8,1538
38121,472,492,280,79,5767
38220,425,656,1236,1170,544
39518,413,487,119,262,1438
37912,268,675,19262,284,7160
38565,315,919,1543,1901,22503
38564,346,947,239,245,1489
38853,15,588,26,71,44
38730,279,969,419,846,34721
39551,562,471,632,1997,1119
38670,5,487,205,411,1187
38219,7,18,23,85,13
38330,7,62,311,865,58
39761,292,0,44,52,64
37845,457,828,5397,445,24130
38663,283,389,483,1661,9828
39760,5,823,4,10,70
39838,20,487,1350,557,4731
39759,450,1021,87,248,908
39165,8,487,235,774,3883
38355,6,419,77,255,165
38826,4,174,509,124,2845
39164,570,986,553,1813,6070
39681,325,0,471,351,41125
1100,360,0,28859,9684,2358
38800,503,0,230,288,8049
39756,5,747,557,1991,474
38547,273,1095,825,1995,2418
39755,470,834,412,705,122
39753,540,1051,152,961,711
37878,463,197,454,392,8059
39752,567,0,130246,517,21035
37927,584,699,27849,195,8796
39550,7,456,397,1936,445
38417,288,564,294,235,3438
38256,6,624,26,38,8
38669,592,810,265,529,1420
38444,9,703,164,557,63
38631,480,800,333,1174,14508
39750,347,487,444,1240,6954
39749,321,273,1073,1823,2203
39259,423,444,839,705,10249
2418,353,954,347,392,5770
39748,7,860,164,497,1690
38798,491,0,253,208,11497
39601,509,444,65,142,241
38848,535,0,415,398,7654
39257,501,487,2060,402,7640
39747,329,522,6641,5472,100
37787,16,776,1237805,102777,4
39746,439,222,151,257,1424
39339,14,280,382,327,485
38823,2,754,34,99,1877
39745,556,855,1286,1992,4913
39743,400,851,208,340,2237
38994,470,418,16,55,39
39160,397,201,179822,96228,28757
38993,547,786,206,453,1417
39338,547,0,205,448,3342
38536,10,772,117,87,671
4039,425,25,443,330,8746
38026,451,431,67504,230,9911
38963,573,1110,96,398,887
39297,503,1127,57,73,138
37735,314,0,146,198,324
39741,555,0,94,100,4230
38827,437,112,2508,2652,9170
39413,468,487,176,177,9218
39706,447,316,6521,2129,7345
39740,1,0,39,186,68
39587,565,127,975,642,3772
37842,401,1083,9866,1217,37860
38491,506,733,31,78,20
38822,397,718,55,163,590
39549,288,687,122,1468,53
38325,538,125,486,206,215
38416,299,474,1434,1934,1086
38480,265,434,43,133,1103
39739,300,74,353,565,1895
39736,18,130,526,17,2046
38726,599,487,256,1167,3502
39158,5,24,13,65,387
39735,287,977,118,103,2059
38813,340,0,141,117,741
38725,473,0,137,440,2787
39157,599,927,2849,2079,2446
38057,444,487,35715,1778,21239
39734,422,958,781,1993,627
39358,15,981,305,9,563
38915,375,840,3022,3325,15863
38992,20,766,88,368,446
38415,522,475,180,161,538
39836,421,376,2110,1934,85633
38208,564,0,594,180,84916
38942,464,127,279,621,3287
39733,455,921,145,139,5912
39828,410,844,3591,2045,10918
38820,5,549,1741,1274,6134
39155,1,610,225,227,32
39256,328,605,805,1546,4603
39732,349,1117,1671,1192,36677
39835,10,321,67,92,2422
38962,333,217,8903,2700,1249
38668,330,0,56,62,3171
38667,17,113,731,1917,226
39564,255,690,1079,473,27212
39154,478,790,877,191,1582
39153,489,1096,265,407,11842
39674,461,904,286,549,8701
38961,361,1053,741,699,1744
37994,460,487,223944,253,12101
38709,280,382,156,131,7502
37831,591,531,1086,35,286
38542,10,245,191,1450,199
38722,10,0,13,11,4
37939,254,892,166433,463,7813
38819,539,767,157,230,4607
39730,16,1109,15,12,3
38818,0,0,29,46,75
39152,588,507,268,821,912
38957,17,17,120,116,188
39375,553,10,668,293,7180
39705,373,883,3369,968,29236
37730,4,155,216,95,21
5203,318,664,1807,1190,22504
39703,3,328,64,74,723
39386,272,504,461,1562,1101
38406,420,533,3971,4323,12606
39147,10,257,22,40,225
38254,288,228,46,219,465
39689,339,844,271,359,6473
38955,5,177,750,209,186
38443,579,0,152,185,4361
38273,322,0,248,459,4151
38721,13,492,131,791,48
39699,10,216,6815,7717,16975
39698,555,156,729,1998,1724
38339,353,293,410,474,1709
39255,387,0,343,623,14773
38817,20,0,92,147,2277
38953,535,487,4154,4669,6176
39337,541,886,2108,302,42016
38329,272,895,2017,1555,4174
38623,420,160,581,588,9097
38666,6,0,12,17,10
39697,598,375,777,218,50743
39695,534,787,86,332,762
39336,7,487,63,146,70
38997,1,744,55,131,430
39357,11,0,122,361,320
38600,14,465,105,532,280
39335,406,215,666,441,12866
39694,313,449,2187,384,2068
38424,459,223,1070,651,2194
4576,371,698,172,317,12928
38816,12,784,203,208,4164
6236,554,0,13,27,447
39693,3,681,2,10,15
38084,332,336,365466,257,6681
39691,336,185,161,229,23531
38918,361,156,383,237,886
39595,521,0,1023,405,41661
38803,309,0,184,230,3512
39688,2,724,14,80,379
38645,7,668,45,156,76
39687,9,0,16,129,38
39686,4,0,6,19,11
38328,2,414,69,216,323
39254,309,366,142,344,550
38389,563,492,988,1079,2463
39685,434,955,664,643,5538
38327,485,362,317,317,2849
39619,349,0,188,107,19154
37857,522,204,2839169,11,4553
39253,327,150,105,305,1063
39402,253,841,461,376,3188
39145,452,0,58622,589,12788
39012,273,339,225,457,1396
38033,410,113,30120,495,6448
38476,335,549,4786,970,2099
38293,320,134,301,1008,113
38442,321,101,575,1495,10991
39817,318,214,227,1374,746
39649,295,926,162,144,8936
39143,15,655,11,22,19
38610,480,1067,247,346,6039
7382,539,0,706,816,23324
39142,274,922,328,1999,1989
38194,433,896,277,548,1037
38815,420,248,97,87,22571
39648,9,0,8,90,1
38814,316,739,255,596,2753
39140,369,444,227,365,3455
39296,255,693,312,286,14158
38821,321,432,1961,1778,3615
38562,15,706,13,80,6
39624,508,282,257,383,18592
39646,360,0,24,31,5545
38835,539,0,1457,900,88833
39295,296,487,163,230,776
39645,4,700,40,52,65
39637,254,603,434,1506,848
39330,492,0,256,279,3409
39644,379,86,51,128,1090
38468,544,0,82,126,9742
39643,9,263,24,65,135
39642,285,591,94,71,6426
39469,3,1012,1168,102,15671
38811,276,492,106,171,5904
38025,335,488,40810,330,33145
39641,377,444,151,159,1611
39638,256,1124,120,246,4045
39565,293,0,1907,765,4800
38748,494,998,275,862,9007
38204,385,254,204,195,9326
39634,12,172,93,63,48
39251,271,118,117,223,7646
39599,262,705,413,720,7510
38324,359,910,1096,5,907
38250,450,487,88,299,1099
38323,459,598,685,1997,965
37915,274,487,21432,763,6174
38205,477,0,244,286,7179
6137,542,0,50,170,1592
39139,9,1106,28,31,14
38351,373,725,350,523,8239
5552,599,795,6,19,2
39430,495,0,86,556,89
38621,16,872,259,157,2096
39596,421,487,182,97,2814
39593,528,985,456,1105,3959
39138,592,584,732,894,7797
38321,19,55,982,1891,2857
38438,318,0,45,269,241
38665,4,0,45,43,330
39592,2,358,173,604,94
39591,10,577,4,10,105
38441,273,989,325,30,1324
38414,337,0,118,281,795
39590,400,0,164,639,364
37894,528,1099,3358,8,243
38812,554,811,239,115,4883
39399,527,314,634,997,616
39589,5,776,70,45,3
39586,3,166,437,250,83
39286,10,1037,151,191,7964
39585,9,868,407,335,2503
39583,274,852,14875,3762,3802
39136,555,0,108,150,2757
38989,522,0,111,650,468
38337,349,1116,105,231,14382
39574,343,528,1041,950,4180
38320,525,513,199,905,10307
39582,444,444,213,981,3624
39238,5,772,192,640,574
39581,461,196,168,140,22364
39333,473,569,248,220,8212
37986,470,487,8310,349,1413
37805,562,63,2466,562,1597
39580,553,106,146,577,663
39579,466,299,160,225,6835
39604,346,0,1883,453,44269
37905,286,492,6761,1582,3385
39078,3,782,26863,32543,6145
39134,471,280,439,428,5266
39548,383,872,1201,634,37262
27039,376,0,63932,49704,2169
39133,17,260,50,76,303
39389,350,0,139335,778,6918
39447,15,0,82,186,567
38952,2,488,142,0,4746
37762,323,0,843,290,2357
39332,560,865,254,256,3982
39546,3,872,391,155,3105
37770,2,753,61131,5,58
38810,319,985,747,12,26003
38253,314,994,133,378,1010
38951,0,138,1515,1270,3358
38209,310,0,417,849,3457
37693,402,749,548,523,1191
38782,271,1000,281,457,5037
39537,399,968,84,224,6692
38781,261,365,359,904,24002
39329,577,488,88,202,1936
39293,354,347,7246,66,6451
39391,269,0,1601,377,21111
39099,311,407,42,201,314
39731,416,637,285,138,8250
38479,464,716,417,2000,9155
38950,536,1085,505,807,1391
38454,20,514,48,130,2222
37820,511,0,299912,158,9595
39622,291,449,55616,684,5739
39098,19,1030,125,105,9183
38664,345,776,1527,1854,3082
39397,411,731,71,214,503
39538,571,931,1043,468,6276
39526,573,412,147,128,10594
38661,16,38,254,1081,16
39781,452,776,729,248,1403
38225,388,417,785,1086,10726
38949,455,0,241,142,377
39532,17,0,21989,25083,56507
38779,8,577,91,110,1934
38660,2,987,137,648,762
39754,400,357,452,247,8840
39096,17,0,15,111,12
38037,369,474,169476,239,997
39328,499,651,652,607,14435
39095,575,774,517,1813,4722
38452,250,714,856,702,242
39327,9,1031,15,11,17
38513,390,260,170,427,2433
38561,315,1134,197,394,7160
38778,490,572,1901,2024,595
38432,420,314,51,333,219
38413,263,984,7178,5680,558
38431,297,803,3011,1285,3923
38777,2,495,1204,1950,9607
39463,501,0,634,339,50702
38002,291,487,126,244,686
37983,500,581,848846,207,194
39461,523,769,16890,16974,30391
38096,277,487,2900,118,471
38093,366,977,18311,3,718
38948,261,249,2264,110,1703
39458,536,154,386,277,27352
6183,485,0,183,186,8264
38494,358,617,118,320,2613
38946,9,358,114,312,881
38252,14,69,44,203,118
38559,18,631,128,538,475
38515,554,752,158,291,6574
39340,292,540,721,585,12776
39456,289,525,3311,3463,7307
39429,502,0,21092,19951,31096
38319,17,684,35,143,55
38718,367,732,134,564,3470
39068,541,774,68,239,604
38047,578,0,184883,149,6722
38945,424,0,163,566,4206
39416,569,427,1178,1076,4036
38412,3,853,11818,12021,1093
39425,435,527,10479,177,5353
39172,0,421,469,23,188
38944,0,0,125,409,27
38689,482,1058,203,175,22535
38620,428,111,225,319,2292
39423,370,271,304,299,9838
39094,412,0,423,1996,1048
39845,421,411,400,282,8993
39092,500,0,299,463,2697
38516,594,261,244,540,11983
38773,558,957,261,151,3826
38004,569,613,2984,794,12805
39325,2,487,22,104,77
39394,439,0,25932,310,9512
38034,476,0,81728,305,1454
39382,291,516,528,541,4133
39379,458,22,420,285,29457
38772,328,600,250,722,1483
39409,424,653,681,1189,41200
39292,565,577,3519,3327,99424
38462,374,498,21800,3230,6381
39376,343,0,1723,1987,6048
39373,16,0,198,163,1161
38556,401,617,530,1973,8508
39291,487,938,169,840,9892
39290,504,626,159,186,3490
38771,460,917,6199,3472,1944
38545,520,982,8924,4528,664
39322,3,370,437,1756,1768
39321,299,498,57163,29603,26136
39319,325,492,1174,256,2615
38924,7,156,104,1334,1259
39288,456,14,1008,963,51962
39287,564,492,452,523,3038
39239,406,0,461,1992,9410
37828,491,696,22140,66,6151
38292,569,548,7267,2493,4744
38770,447,544,89,101,452
39249,514,121,317,467,525
39477,320,824,1018,1114,55416
38554,7,303,112,127,771
38769,358,0,81,310,1080
38514,418,709,40,179,1287
39246,529,1082,900,1256,7710
39245,525,88,73155,67965,19421
38768,10,492,301,305,9947
38767,564,1076,252,130,7385
38303,542,472,290,716,864
38050,502,474,193147,186,7326
38765,1,0,8,101,41
39240,14,553,2619,2468,472
37724,457,69,440,194,2664
38745,358,35,353,415,1968
38552,422,492,430,413,2459
38802,497,67,129,963,2076
38653,341,830,266,47,2933
38486,410,842,166,90,17997
39080,414,210,501,349,24869
38550,299,838,118,258,537
37883,447,601,298721,301,4386
39077,590,0,342,222,31740
38659,525,554,318,1277,1056
38934,351,0,69,64,3253
39062,327,119,218,450,481
38752,9,0,106,428,76
38233,570,216,144,145,8039
38759,569,0,122,235,2703
38716,277,0,128,377,462
39060,5,216,4187,4938,28332
39058,11,492,3143,3896,47998
38715,6,0,25,77,7
38043,305,169,565,548,2302
38291,13,1125,126,190,413
38713,440,276,6891,2448,4481
38712,8,625,5179,4448,4066
38549,329,165,466,1410,142
37755,482,580,167421,111,1623
37924,310,487,86922,507,17312
38711,1,0,538,1658,404
38708,7,449,5655,2975,156
38318,17,911,1503,106,511
38543,13,937,11,23,16
38644,398,549,653,422,15709
38044,467,533,17535394,41,1047
38411,290,150,197,186,8005
38655,597,0,220,154,2431
38506,337,487,616,381,12200
38466,324,0,2607,2709,4135
38512,1,487,768,1894,509
37926,478,617,7412,881,2226
38647,258,489,2568,1199,4644
38317,502,990,1677,1966,638
38760,437,0,309,383,27894
39535,9,805,342,944,4060
38511,311,487,167,381,1374
38646,20,474,357,463,28
38596,429,431,246,236,4582
38807,414,1066,175,230,979
38086,289,7,73997,5298,23720
37929,279,0,72,121,102
38617,4,445,1181,1991,1543
38616,4,487,19,90,57
38614,365,46,1097,1664,9424
38598,356,0,337,289,7690
38428,594,420,101,99,2585
7455,575,127,485,561,6793
38099,250,449,16884,13157,4863
38394,6,742,700,1784,52
38032,328,183,24484,1248,64374
38290,0,98,149,1373,31
38410,442,965,57159,327,2057
38251,19,0,32,55,15
5512,425,0,38,95,68
38507,13,68,473,1118,1195
38436,6,0,97,207,971
39578,0,996,82,86,1418
38504,326,857,1152,73,2669
38503,315,811,204,431,899
38408,381,0,133,164,5233
38500,298,286,128,164,3625
38527,384,492,92,667,1181
38498,329,609,407,1925,68
13330,15,140,20,111,12
37868,477,951,268,925,280
38475,558,349,273,173,14726
38495,516,972,766,385,2783
38485,517,763,629,1744,1307
38478,330,449,6753,4292,7817
38477,330,150,368,724,29169
38065,426,0,197858,576,13348
39231,2,774,27,91,5
38472,17,266,53,47,1421
38021,17,0,128653,373,11723
38022,332,173,161881,668,10629
38469,399,226,162,316,5138
39620,8,149,82,706,298
4334,298,491,3790,176,6062
37837,577,0,317091,334,2151
38092,523,238,25035,464,6222
38465,260,30,275,98,792
38464,355,974,666,1998,1072
38270,586,492,132,273,1000
37882,563,0,280,77,170
38123,490,150,424,222,357
37753,13,784,426,245,23
38440,287,280,2305,234,7766
38439,486,444,246,243,6755
38429,8,606,82,47,674
38425,501,492,673,1999,1153
38409,469,0,185,442,2931
38077,380,0,953627,110,5957
38387,456,0,768,479,25813
38404,406,198,346,433,2457
38402,10,981,12495,14574,1795
37881,18,487,68,13,7
38400,481,503,1228,1853,4955
38399,305,1,603,1419,7737
38393,13,659,220,329,1968
38390,356,0,328,286,8168
39630,373,444,1642,1171,2419
38298,290,939,1073,375,4103
38311,508,487,126,329,2480
2416,526,0,69,186,519
38309,4,657,1402,1975,217
37815,341,20,56586,172,14356
38901,340,546,647,1699,7186
38061,499,0,1023381,759,13259
38288,465,736,56859,42567,182
38287,264,1020,761,1953,4282
38284,402,555,257,573,5609
37879,2,673,132,79,20
4098,344,529,356,332,8684
37803,401,330,5986,3639,2670
38282,12,621,1231,1841,904
38197,374,635,793,219,5044
38280,12,0,27,96,50
38267,419,0,140,556,771
15134,258,0,10,56,7
38277,258,136,19306,18281,4590
38028,345,863,72638,530,16247
38275,326,720,430,574,8269
37817,266,0,314,437,296
37830,262,330,4065,233,113009
38249,498,4,3140,5399,406
38248,399,568,235,957,835
37969,371,444,362034,56088,47049
38246,454,872,160,364,7761
37799,13,63,297,13,1047
39224,5,1114,106,208,3241
38243,558,372,1099,934,2111
39840,9,0,456,1030,1639
37816,478,0,4469560,703,34439
38648,463,962,567,402,11602
38238,426,209,598,1568,789
38216,453,723,13268,11660,4332
37713,365,782,12727,26,336
38236,11,0,12,39,141
38230,388,0,239,167,7093
38999,262,469,569,1274,1743
39842,2,262,109,228,1861
39715,502,869,458,426,16917
6995,313,678,290,935,584
39128,319,98,639,1257,3068
1679,252,0,334,355,3950
14173,483,392,60,362,74
37844,537,424,7273,406,1003
39371,503,0,6490,634,40462
39483,500,492,5690,1619,59365
39384,480,133,445,247,22219
39083,436,95,127,910,282
38613,20,519,43,223,995
7956,500,0,32,71,24
38608,459,470,194,357,4325
38988,482,1111,223,792,1524
37951,527,359,2090,184,837
38747,11,120,141,430,463
39680,11,324,478,671,5386
38784,512,946,179,186,4838
39208,273,975,535,1351,2487
38074,382,314,1250783,149,23512
38401,445,492,250,1124,6140
38739,7,338,188,662,90
38808,303,0,459,2001,415
38881,13,910,89,373,68
38986,410,221,232,1054,366
39678,516,150,76,52,1469
38892,2,474,827,1637,406
37955,365,689,136063,125,1818
37839,429,0,103914,141,7906
38983,325,397,144,355,4572
38098,459,487,30933,123,3355
38606,376,0,667,1055,5887
39367,309,1068,324,569,17002
39575,287,287,426,388,27201
37874,507,782,166,28,36
38526,6,0,421,1358,153
39063,580,768,78,303,1111
39276,391,833,41,55,170
37863,399,618,162,170,35
39268,308,952,1534,1925,10053
38791,5,0,141,548,1046
220,597,587,230,311,22091
6463,371,0,1603,967,16823
4382,463,234,47,613,219
5758,432,150,878,599,47590
38576,428,172,878,1686,9278
38693,509,0,187,221,513
38502,6,782,246,134,1660
39658,313,27,1270,923,18082
38888,314,0,239,247,169
39837,9,856,278,415,12128
38120,15,1002,362,794,8252
1320,261,521,172,693,1802
7878,386,1135,402,585,1092
39323,308,0,7290,7097,15752
38342,17,488,66,892,501
38601,1,379,64,134,2634
38192,3,48,436,736,5489
39626,419,150,648,228,23573
37791,403,0,34491064,17,5306
38972,486,449,1037,1994,513
38682,571,272,148,532,1238
39787,599,150,7979,6641,20701
38038,461,474,45677,375,8569
39131,305,545,351,1047,18478
38866,284,547,484,1444,5141
38451,431,54,730,1997,5268
39414,1,182,54,96,2578
39415,324,585,632,620,11849
39262,423,423,2039,107,347
7826,582,0,36,204,664
38116,522,0,470,394,14731
37821,407,59,789,95,1658
38234,401,1133,1008,579,992
39475,411,569,321,424,1188
39241,506,147,120,267,541
37796,461,0,2142779,42,29663
39782,260,141,6956,6867,70167
37997,403,487,272853,314,5900
39627,392,773,369,330,23295
39067,482,498,1632,304,5746
37957,256,449,117593,329,5121
38186,20,498,44,94,194
39421,471,492,675,1981,4974
39236,399,487,1180,751,781
38349,596,1071,101,245,414
39570,430,449,417,1071,1636
38913,251,253,4729,4720,39043
6208,569,772,43,48,2194
39530,387,0,413,85,31417
402,450,0,17,85,95
39728,486,0,380,199,39944
38690,480,352,620,1923,4366
39742,16,265,1070,1193,26649
14757,529,348,36,256,546
38656,258,0,3937,1276,16434
37892,599,1103,104337,546,16794
38281,451,867,414,1006,2840
38497,408,15,209,215,18584
38071,546,492,316,266,149
39177,20,0,49,405,25
6453,444,487,21,56,20
39066,11,258,14,144,72
38788,549,971,487,1074,3105
38170,452,289,856,880,982
38637,14,1107,284,1909,159
37734,13,240,218,0,9
38702,293,943,256,742,1631
39839,572,237,339,162,42914
38775,292,308,635,464,42022
39183,6,875,421,1609,95
39395,420,579,60,241,95
38908,544,525,4422,4795,64290
13147,356,507,281,1963,239
38587,387,440,97,205,820
37722,7,0,154,74,116
38245,361,34,338,298,6481
38539,381,3,356,506,21710
38489,448,884,254,875,4283
38692,297,1029,183,79,3395
4730,505,1090,314,1936,190
38501,301,772,24,85,21
37721,17,0,405,139,77
38115,18,690,119,893,5022
39126,557,404,325,248,9409
38522,349,341,345,509,3396
38691,565,117,366,1582,6903
37703,521,782,851,621,1171
39785,511,492,278,591,2042
39417,568,666,392,198,21169
38304,451,1075,227,875,1574
38609,448,0,495,335,31504
38753,10,115,129,682,265
38157,594,964,67,71,8480
39119,3,0,857,700,107042
39428,336,436,514,558,11513
2036,359,329,184,468,202
5265,424,812,393,521,7379
37853,383,618,8397,279,1376
37766,9,0,243,174,208
39466,271,492,416,266,2417
39370,536,192,417,1107,404
38302,586,496,115,208,2027
38897,571,334,203,382,8441
37685,510,1077,190,305,471
7049,460,0,949,807,12833
15189,253,279,110,1083,165
39392,11,144,77,103,2083
37848,422,671,13531,40,538
38259,529,189,83,145,7662
38651,20,0,38,120,41
39065,4,304,208,1197,138
38941,398,52,557,1040,6028
39369,392,1129,798,780,17888
37917,258,988,49158,513,12470
37872,341,474,295,177,1901
1470,266,334,343,596,15433
38544,272,536,789,497,4840
38761,12,861,340,1898,338
39280,12,615,86,885,89
15899,4,0,11,69,2
39772,299,692,90,159,1206
38306,17,547,45,16,335
38680,337,559,235,778,563
38741,527,573,65,257,1571
38757,468,172,1853,2851,3743
38269,8,871,284,591,507
39737,5,487,835,1899,424
39229,586,356,350,718,3176
39122,555,1028,272,734,8014
38242,10,487,323,506,1238
38261,541,28,418,608,490
38845,258,976,568,526,18442
12280,445,636,456,1251,1330
38352,254,146,210,310,1795
38299,6,1009,35,172,88
38020,367,0,39304,501,3537
38016,341,676,21033,611,8115
38884,12,172,465,1994,126
39727,568,887,1913,1828,13344
39525,465,590,3490,1362,273952
5632,486,492,37,94,20
38717,14,562,186,484,820
38272,425,32,189,634,685
38350,2,893,459,463,5516
38699,6,463,64,782,989
37943,453,740,66662,2555,2887
39451,0,956,1383,1783,6695
37846,277,432,95142,90,7473
39514,2,1034,131,312,8631
1897,279,729,317,286,2279
803,457,132,398,985,2241
39790,452,0,252,50,17260
38910,7,1057,632,1523,962
38611,429,803,298,216,2646
39811,14,47,29,242,146
7988,344,224,63,163,632
39621,331,0,574,321,37981
7397,6,203,103,461,3
39374,584,487,297,261,3154
38018,506,569,133277,881,23055
37884,280,741,48945,1138,12075
39125,17,322,103,317,547
37899,508,0,46074,4563,5788
39623,531,825,439,418,13487
39235,457,931,90,267,595
39024,18,940,187,594,955
38340,312,172,278,532,2267
39274,470,481,156,1677,50378
39776,406,488,3853,990,4686
39050,514,444,1150,1543,604
39455,10,441,260,22,1165
39041,1,1121,164,321,5182
38460,425,0,341,446,1206
15116,368,60,765,359,404
39383,536,81,86,161,745
38345,0,538,129,321,763
39127,587,983,47,187,93
37752,12,776,587,90,33
37832,514,277,253228,15513,76137
37992,310,70,9826,200,4118
37931,563,502,4097,471,23447
38790,300,0,99,79,3675
39400,4,792,84,142,1441
37788,320,103,303975,36,38784
39020,15,0,44,67,225
39182,18,1108,52,115,631
38490,18,654,27,115,340
14537,360,0,170,637,99
37869,524,776,299,199,221
38558,0,993,177,613,430
3107,487,0,213,312,616
39600,313,0,334,275,24753
38509,264,642,516,1149,5796
38612,3,831,75,546,357
38734,4,594,669,1895,369
39223,300,487,354,1121,6756
39283,4,0,145,2,1703
38640,449,295,482,1020,3793
38766,538,0,949,557,10528
39247,17,114,433,1453,2123
39420,8,772,39,95,197
37684,514,0,4915,33,115
39124,1,997,178,461,2230
38695,453,0,160,316,7038
39121,468,84,132515,118786,10660
5183,517,395,492,1032,102989
39738,427,71,1819,1932,6868
38746,1,0,94,471,620
38706,11,995,414,528,11042
39029,5,743,79,62,108
38453,314,772,366,525,717
38658,17,0,35,103,54
38799,513,0,131,322,4331
38534,4,960,343,1282,583
38551,595,836,282,633,13081
2432,252,536,674,206,1907
39324,279,333,225,216,9851
39085,291,711,207,465,11507
38687,254,178,805,1938,5852
37942,370,208,47020,205,8048
39002,19,592,506,1867,557
39378,7,0,9,12,13
39639,427,495,25,166,327
37814,412,0,231791,185,2175
37993,558,68,8117,58,2456
38540,600,506,493,271,2775
38063,574,480,695645,3,2429
38529,302,45,253,318,3286
38830,539,95,358,43,773
39612,19,801,47,74,1025
1116,274,0,18,32,355
38974,352,151,277,230,61951
39116,16,191,34,60,71
38537,5,91,75,278,350
38652,287,1122,130,235,1241
39617,544,708,2064,2269,72066
39454,477,481,846,2001,5575
38885,462,381,9,82,142
38694,340,1129,231,194,983
38705,20,55,114,267,664
38097,499,444,193521,2989,4224
38703,461,978,293,338,4198
38122,306,444,974,1980,204
39560,596,58,35731,1991,24072
38681,14,611,100,357,86
38639,510,159,187,555,1980
39129,597,0,340,2002,1584
38641,390,380,274,230,1394
38738,0,337,195,1780,435
39244,19,492,84,401,379
38615,9,64,165,509,1470
38965,9,105,432,1950,40
38723,12,0,316,1255,3
39723,540,164,826,509,12072
37757,2,1098,221,56,43
39774,562,934,229,240,3561
39607,397,0,595,543,31427
39545,9,0,1210,1939,1332
38751,556,170,231,613,1729
39724,492,97,63,167,3358
38014,434,1105,19388,55,2009
39170,3,0,208,637,110
39072,498,0,1224,1772,29749
38030,430,168,1756741,385,24356
38697,16,772,61,139,146
39141,444,487,748,1999,3311
38704,544,0,17520,8295,20861
39035,552,1072,313,1942,660
37996,352,782,730611,942,8481
39237,318,290,218,2001,60
38740,384,614,265,632,6461
3296,354,0,1149,720,13216
38865,535,1112,176,214,7378
39225,289,0,749,466,3181
38954,0,0,223,813,35
38920,20,438,19,129,547
38990,251,582,266,798,5475
38794,553,0,4181,4428,3041
37825,305,697,1957,381,573
39059,568,521,1028,401,1923
14141,391,172,111,310,1684
38837,373,839,62,114,273
4139,7,0,6157,2921,9425
38940,315,771,162,322,2919
38991,18,0,135,330,754
37870,355,580,161,78,81
38985,405,39,136767,120929,16536
37950,545,422,103,82,755
39491,314,350,111,298,505
39123,8,0,188,672,1049
39345,3,0,502,495,1208
39204,537,79,115,357,1007
39569,459,660,239,1185,818
39044,487,682,27,146,249
38743,8,0,55,245,166
39074,8,0,123,527,45
39075,12,284,1489,1658,18201
39079,12,1104,152,358,277
39118,19,12,129,385,190
39130,19,274,32,173,22
38046,481,9,390640,1262,4813
39422,4,0,12,85,142
39148,462,477,323,1273,1029
13288,394,0,19,50,261
39726,20,444,98,438,42
39117,350,298,111,138,1795
13691,10,0,1,4,2
39135,460,0,137,120,2319
21939,428,641,335,170,7033
39405,9,285,4,50,36
37866,357,617,617,521,1385
39633,331,727,128,109,3800
39232,8,992,220,139,7
39616,578,680,95,315,50
39676,9,799,11,9,81
39677,406,89,250,239,465
37935,564,796,28618,321,8353
39573,14,0,10,20,1
39366,4,0,115,225,1847
39282,17,0,331,54,1931
39263,581,488,108,247,1930
39260,3,774,62,42,77
39284,4,229,434,1120,750
37893,537,432,1338,132,812
4520,305,544,52,246,422
38035,294,474,16169,477,3613
12496,441,63,423169,98,559
38049,536,881,115512,204,4324
7895,579,0,50,103,445
7970,545,0,212,434,3108
37903,402,945,198825,4586,20571
37826,4,63,1723,593,581
37741,424,583,303,209,28
38118,5,0,3,3,25
37871,13,1068,280,283,282
12145,533,930,8784,156,1996
7343,308,94,473,750,9318
5019,291,191,30,340,12
37682,6,0,42,151,13
37902,414,95,33439,646,2577
37728,16,0,91,14,6
15788,532,1019,189,1173,119
1970,328,1015,566,346,19286
73,12,1089,61,138,178
37923,402,539,35948,191,2134
14974,428,139,68,812,15
37800,263,526,7757,246,1183
6497,366,364,39,103,2079
13878,368,686,5,69,19
3775,354,837,800,1288,18814
12898,289,846,195,190,3687
733,262,0,28,73,325
37812,570,0,296406,516,2608
6841,589,712,238,593,673
38007,487,492,573,983,2761
38006,310,492,6005,402,5233
3355,588,1038,112,495,479
37680,485,0,113,19,298
3463,595,0,294,232,4593
6011,342,1094,3,42,57
7909,280,0,950,687,31475
7679,594,75,223,1508,1111
6588,363,1005,345,605,986
3005,384,0,42,271,51
3958,416,0,2437,2393,27573
6760,575,56,170,190,968
37829,19,0,1269,1,133
15765,451,405,205,145,40
38095,11,492,731,159,499
37789,292,474,20629,86,300
7525,410,444,7375,7765,1124
1414,504,0,322,712,467
3692,578,920,155,369,1584
13673,434,461,188,281,325
3921,417,913,751,1972,397
5196,349,0,83,337,2357
2569,292,36,955,1831,6667
38053,536,309,178531,272,18135
266,352,1056,131,1081,15
4293,346,612,427,604,3430
15597,6,0,8,54,8
1624,312,124,28,104,149
5965,437,0,37,59,50
12561,399,172,28,252,306
15320,543,0,303,758,9258
38005,568,498,61411,23390,10812
4313,434,1063,236,389,740
1939,343,1064,206,102,18
37819,523,406,2061,1938,1206
38029,270,377,35976,1479,5611
37700,433,776,479,403,1657
37804,512,11,3018005,75,7734
3730,546,999,34,158,262
14099,599,0,17,95,5
4132,543,0,416,361,28148
37887,264,8,37785,617,7774
38011,483,0,7755,1382,4057
2858,552,730,56,42,3505
13405,288,0,74,384,88
37827,294,60,6620,46,352
125,339,378,127,334,258
37786,535,345,2591,61,414
6528,561,0,129,524,38
5942,310,0,834,1882,352
558,570,0,233,258,3736
37690,325,455,60382,101,42451
8007,296,280,150,453,27
784,511,760,1110,947,137
37824,405,0,5504266,492,17718
37901,386,416,32704,86,11071
5504,468,244,96,628,38
37785,271,60,3053,26,163
37809,301,0,30064,10169,3185
37704,8,843,1987,4,32
37794,530,0,6868,27,52
12063,436,0,158,1328,264
38091,351,0,12042,8,709
38090,524,0,9331,6,456
38089,2,0,2832,5,203
2535,560,80,27,513,44
2337,415,0,686,1495,1988
2881,376,0,281,772,628
14978,356,0,152,192,207
6984,11,433,1297,1881,25387
2357,263,0,103,124,1853
12918,466,64,1428,2001,5300
1147,311,532,29,100,463
4959,329,364,242,1124,113
37910,401,318,1815,105,159
6491,529,0,688,2014,1637
1804,508,1036,512,359,9243
37823,274,0,1472616,227,7416
7268,403,487,44,171,42
2101,476,0,189,784,148
5645,454,0,65,57,329
1343,314,0,170,779,17
37998,270,358,2164,940,2210
37811,15,0,146032,99,141
37834,382,492,20742,59,1663
15560,273,707,163,737,1954
6105,18,623,3,15,6
13639,585,0,26,254,30
12494,562,0,136,1868,13
2864,307,0,73,182,62
2422,264,0,8,12,5
37852,268,373,196,82,110
12433,533,0,16,123,4
2874,8,50,89,902,95
513,291,399,1812,1991,2910
12563,272,1008,279,173,432
37802,7,60,123,33,297
37849,2,0,277,56,21
37888,262,212,881,29,352
4944,600,400,385,828,1302
2734,339,638,40,98,155
3476,456,1026,366,932,359
37898,327,492,3835,5,50
38088,343,0,1664,23,340
6738,275,0,117,117,848
15081,445,695,259,1215,389
38058,409,520,48625,480,6536
37818,524,650,4276,21,74
3233,340,0,237,987,987
1269,490,534,504,1966,3363
1010,345,0,161,277,1841
12085,338,0,77,1617,545
7248,406,0,302,204,3896
1300,20,0,4,92,2
13838,13,1092,9,52,3
37798,337,0,37074,194,7574
12181,2,0,52,128,5
38019,428,0,12497,6,314
7621,597,25,311,953,6871
12143,534,61,2,40,21
37909,533,910,21495,132,1481
12921,353,288,190,1442,764
37934,538,389,23885,246,1493
7583,479,0,383,1978,728
38009,268,677,4174,488,673
37784,470,0,502,97,122
13360,334,0,7136,172,663
20800,573,782,489,1145,1325
37694,0,291,1710,17,46
3395,473,1123,641,1992,270
38087,282,354,7045,354,2282
7414,583,0,59,134,34
14200,486,0,474,1998,695
4807,456,296,30,194,7
34,425,0,373,694,600
5073,420,193,41,139,131
6716,448,0,173,183,3968
1979,290,1010,26,213,171
2781,517,0,275,1082,1308
421,375,0,281,439,374
1662,4,439,146,978,19
4567,415,0,11984,12928,907
5815,371,1088,205,1137,75
37885,382,1091,185,99,9513
1381,558,872,51,88,482
1288,292,0,236,317,3288
2796,463,702,382,1357,508
4756,400,37,524,1999,138
15727,357,65,141,195,980
15494,417,0,268,1953,293
15482,1,385,6,245,1
5693,595,0,133,267,1589
137,14,0,16,62,9
4328,554,0,14,46,15
6542,334,0,37,215,16
14279,584,0,18,20,66
38001,582,414,315,383,632
2113,378,510,108,336,811
3244,320,332,472,884,4191
3916,272,0,465,1178,3016
13009,459,0,20,502,64
441,353,474,1003,1918,2976
12860,450,0,63,428,22
162,578,0,19,53,56
4286,283,0,189,361,370
1987,292,0,107,137,46
336,410,535,130,424,299
12168,318,0,10,40,8
2706,370,0,27,83,10
37808,0,269,1302,48,422
5139,423,0,55,122,1095
12680,262,0,120,182,296
4146,452,0,426,1995,514
37688,549,242,4378,135,269
13456,287,0,8,61,5
2584,476,0,114,198,482
15263,532,33,1185,1864,3867
15465,5,0,24,600,345
37801,597,307,2130,45,71
3718,572,53,604,696,764
13026,292,862,8,34,139
38003,593,0,100815,388,1849
37686,517,0,13171,54,369
38052,549,0,131770,14250,772
2282,527,0,84,122,1446
37940,371,544,16279,13,644
13631,507,0,1,2,56
3343,551,0,160,168,353
7087,536,107,697,1225,16
6693,278,0,16,72,15
6645,522,0,206,1059,82
12134,486,0,2353,160,526
257,449,0,1222,1985,508
5687,386,916,285,152,3278
5634,406,0,552,1395,48
4164,431,807,411,1840,75
6980,434,0,64,143,133
1458,499,0,16,112,47
1164,411,0,121,568,222
722,391,0,30,63,425
4212,401,0,0,14,7
15497,5,0,32,445,14
2455,566,0,56,154,92
3889,538,0,12,42,4
4145,532,0,73,657,44
4697,293,688,20,359,24
4009,388,820,12,23,11
13546,15,0,0,29,3
5802,391,43,104,975,80
13120,593,897,81,196,927
3606,347,409,71,427,218
5926,7,0,14,62,1
15897,429,0,42,195,16
3373,386,1102,14,62,33
15636,424,0,3,11,18
15690,435,60,17,89,100
37914,515,488,329,20,87
15980,3,0,6,47,5
15503,315,0,257,659,65
15591,19,0,0,36,2
3419,413,1025,394,200,8314
15470,11,1033,136,1048,4
15941,8,0,24,487,20
15043,19,0,910,150,186
14873,527,390,3224,1999,13945
5055,253,0,79,121,78
15055,8,0,15,104,10
5980,299,0,45,65,658
14844,16,0,26,69,4
13361,423,0,522,1383,62
5506,304,690,390,1745,53
3995,565,231,62,525,33
15289,0,0,33,56,4
7014,339,0,179,490,103
14813,442,0,36,319,53
3883,279,0,160,124,314
2370,573,1016,207,446,1726
13591,540,331,14,117,482
277,592,0,0,7,1
5283,421,0,408,1964,104
7300,485,188,7419,6076,285
2322,432,0,85,109,73
6829,535,917,26,170,41
14302,14,0,13,81,4
14258,557,1017,952,1714,3713
1143,283,0,34,113,18
14180,16,0,13,51,12
6925,404,202,115,387,159
13640,377,0,9,16,1
12102,574,175,92,287,113
14074,3,0,1,26,2
14578,1,0,156,396,22
13996,12,0,4,45,18
14472,313,0,103,1970,269
6665,481,0,151,295,1339
4727,289,620,69,141,277
2482,257,0,57,176,28
6819,364,0,79,183,72
1285,477,0,32,139,457
12958,365,683,19,135,36
1226,388,0,213,514,44
13821,7,0,1,3,1
3382,328,99,3310,3633,247
12229,471,0,40,97,2
4240,538,0,293,1264,22
13746,8,0,28,81,2
14215,408,60,74,218,17
5290,423,0,63,526,32
3238,328,0,13,49,32
14121,421,0,12,354,11
2459,300,0,188,649,671
5137,502,910,39,155,852
6669,565,251,500,1609,147
13165,398,330,177,568,282
12908,488,278,15,40,6
13959,531,230,123,206,198
840,600,0,44,140,20
3933,365,0,58,160,36
2805,578,0,28,115,23
6313,496,0,195,669,5
7644,284,0,12,265,13
2100,335,0,89,222,50
7173,401,0,16,70,91
12536,451,586,33,406,1
6408,539,0,89,341,160
8008,299,0,60,222,12
13683,311,0,7,34,21
7723,512,0,55,160,12
3748,464,0,0,13,5
12810,303,200,22,255,28
6075,406,848,266,1030,55
7190,272,0,37,56,205
3011,261,0,149,987,2
3584,430,0,6,60,10
1722,469,0,20,105,219
13596,7,0,0,4,1
13548,321,0,0,15,42
3634,344,0,45,78,134
13525,337,0,7,65,4
6712,517,195,66,304,2
3645,262,0,27,178,18
6658,583,0,32,295,16
6003,387,0,32,271,1
13448,16,0,4,99,1
12389,556,0,7,49,20
5822,301,487,58,111,120
5623,261,0,20,73,41
1593,460,0,62,223,45
12246,532,0,4,77,1
357,352,490,62,727,31
2594,408,571,185,130,16
13180,412,0,19,104,16
1564,256,0,65,127,1246
2581,452,1023,115,800,54
13070,298,0,6,57,1
480,302,0,58,502,255
731,519,0,12,69,49
711,527,0,24,162,15
4712,345,109,76,354,6
2762,459,0,69,258,6
3280,540,0,98,579,101
1719,570,0,12,24,14
2801,289,1027,1,12,5
1366,552,0,2,22,2
1179,559,0,7,89,3
655,269,478,16,323,5
627,311,0,6,30,1
6353,574,0,73,250,20
7337,305,0,45,123,14
1715,413,0,2,20,1
6091,541,0,6,97,1
12540,458,0,6,99,5
6459,511,0,548,1131,263
12323,310,0,37,365,2
40,383,0,352,1023,29
3076,523,0,511,971,639
3123,450,0,23,107,5
456,323,0,21,44,9
491,464,0,4,49,14
2738,446,0,61,146,488
2055,415,0,149,683,1
1988,518,0,80,394,14
1993,352,0,34,172,4
253,510,0,111,253,218
1098,318,1041,51,294,15
677,455,0,7,46,3
4036,555,0,146,549,115
11525,489,294,178,402,870
11163,533,474,113,60,1643
9812,519,991,644,1654,6598
11284,253,0,31,64,103
8708,451,0,15,39,1
8720,398,0,9,106,1
8835,10,1065,32,312,7
5804,419,0,955,1998,1393
8248,534,0,187,55,630
10367,591,453,39,177,105
10011,20,0,13,36,2
11444,558,104,502,196,10549
11985,524,0,459,2001,736
9539,557,1046,220,331,3815
11629,18,0,0,6,1
8112,582,156,7,89,25
9372,390,0,0,2,1
10992,252,840,84,241,1455
9491,535,0,70,191,31
9071,265,0,40,178,48
8162,297,622,505,886,95
9735,345,0,41,235,34
11720,479,1079,11,32,30
11181,9,0,68,105,52
9483,444,640,33,72,91
9257,350,0,2,15,3
10098,252,905,446,1837,102
11346,590,0,105,401,147
9141,462,137,25889,2485,3230
10604,258,368,51,192,63
9773,576,985,22489,18112,365
9444,412,0,253,597,425
8599,509,474,221,860,514
8456,513,0,1,26,7
10735,272,0,18,124,170
8275,397,0,26,201,115
9177,303,0,672,2002,51
11646,449,0,154,2001,223
9616,417,319,7,58,6
5874,490,0,15,83,6
11820,400,0,0,3,1
10273,257,268,24,99,37
9105,432,670,455,1161,14
8114,289,0,78,597,6
8334,406,544,12,33,4
9266,279,0,817,1604,8
11364,540,363,430,2000,605
11587,310,1004,54,500,10
11756,383,1003,39,315,6
11123,474,0,243,424,168
9522,430,171,170,145,932
12041,551,966,13,110,3
12028,365,0,8,64,1
10181,295,0,38,318,9
11759,366,0,2,11,1
11569,344,0,17,88,3
11499,594,0,16,68,2
11077,379,0,45,232,11
10853,427,0,1,12,1
10716,327,0,0,2,1
10353,577,0,18,139,89
10336,544,0,0,10,4
9972,542,913,7,111,2
9922,506,0,0,1,1
9630,445,0,2,35,2
9506,347,127,13,52,4
9440,276,0,0,2,2
9301,540,0,131,808,11
8990,268,0,0,18,1
8969,576,782,11,177,7
8971,316,0,0,1,1
8241,499,55,4,15,1
8866,299,661,2,11,2
8293,388,0,10,89,2
8191,593,713,1,13,1
8064,354,312,1,9,11
10115,517,100,324,1567,51
11298,326,0,112,279,30
9548,352,243,163,159,4316
10354,478,0,0,41,5
11982,362,924,20,136,10
10346,491,41,33,598,405
4657,482,0,113,395,13
10977,585,973,112,728,700
11304,369,0,17,94,3
9913,549,128,1484,2002,673
8631,598,315,69,808,3544
11686,481,912,481,1325,441
11632,585,691,80,294,126
10863,479,0,129,453,329
11807,462,161,651,1504,8792
9473,10,0,11,24,3
9513,566,584,156,1238,169
9172,489,180,33,217,969
10856,275,252,124,176,134
8418,16,667,33,49,120
11705,560,0,132,1171,40
8296,16,93,7,98,1
11309,259,675,423,482,720
9156,298,0,56,59,21
9495,272,87,55,257,87
10350,553,818,265,557,2439
9687,487,126,89,101,2308
10599,3,0,70,77,120
8605,299,190,17,96,9
9040,464,560,546,912,2676
8700,351,949,64,109,509
10826,500,1062,107,665,43
10151,10,0,27,40,4
9665,292,0,2192,1959,31840
8614,290,462,24,188,459
9018,540,0,10,75,25
8827,470,310,73,433,481
8106,7,567,16,69,5
8444,442,761,269,370,917
8673,570,343,235,479,2487
8330,429,0,221,1158,156
11824,588,0,27,121,459
10980,352,0,14,17,223
11165,464,0,244,149,259
11374,454,0,55,122,59
10017,305,179,157,166,7
39855,599,782,3643727,105,575
39876,378,671,325138,51,1942
46530,471,492,168059,7902,7081
56527,401,696,31667,52,13110
